{
  "project_info": {
    "project_number": "915031476523",
    "firebase_url": "https://identifeed-f0f31.firebaseio.com",
    "project_id": "identifeed-f0f31",
    "storage_bucket": "identifeed-f0f31.appspot.com"
  },
  "client": [
    {
      "client_info": {
        "mobilesdk_app_id": "1:915031476523:android:799c9ee51ee9820a3a1d6e",
        "android_client_info": {
          "package_name": "com.example.healthawareness"
        }
      },
      "oauth_client": [
        {
          "client_id": "915031476523-rp9ejbd4o6d8ucf7qp9u4ri1plomce1q.apps.googleusercontent.com",
          "client_type": 1,
          "android_info": {
            "package_name": "com.example.healthawareness",
            "certificate_hash": "616029d8ff8a8724d6185eda7c1069ee986d0bd6"
          }
        },
        {
          "client_id": "915031476523-gh5ravivg3lv1tnq3bfpq9so78fijnpv.apps.googleusercontent.com",
          "client_type": 3
        }
      ],
      "api_key": [
        {
          "current_key": "AIzaSyBl1YZ5eQlaP908gROtwkw-EWHo5ykkzGY"
        }
      ],
      "services": {
        "appinvite_service": {
          "other_platform_oauth_client": [
            {
              "client_id": "915031476523-gh5ravivg3lv1tnq3bfpq9so78fijnpv.apps.googleusercontent.com",
              "client_type": 3
            }
          ]
        }
      }
    },
    {
      "client_info": {
        "mobilesdk_app_id": "1:915031476523:android:dd954c15c4c102923a1d6e",
        "android_client_info": {
          "package_name": "com.example.identifeed"
        }
      },
      "oauth_client": [
        {
          "client_id": "915031476523-m9hb9cejgel3fd5ljmu04780co7sriik.apps.googleusercontent.com",
          "client_type": 1,
          "android_info": {
            "package_name": "com.example.identifeed",
            "certificate_hash": "283abaf4915d2dc9768dbc1144852df4b4e2d03a"
          }
        },
        {
          "client_id": "915031476523-gh5ravivg3lv1tnq3bfpq9so78fijnpv.apps.googleusercontent.com",
          "client_type": 3
        }
      ],
      "api_key": [
        {
          "current_key": "AIzaSyBl1YZ5eQlaP908gROtwkw-EWHo5ykkzGY"
        }
      ],
      "services": {
        "appinvite_service": {
          "other_platform_oauth_client": [
            {
              "client_id": "915031476523-gh5ravivg3lv1tnq3bfpq9so78fijnpv.apps.googleusercontent.com",
              "client_type": 3
            }
          ]
        }
      }
    }
  ],
  "configuration_version": "1"
}